Pays,ISO2,ISO3,ISOON
Afghanistan,AF,AFG,004
Îles Aland,AX,ALA,248
Albanie,AL,ALB,008
Algérie,DZ,DZA,012
Samoa américaines,AS,ASM,016
Andorre,AD,ET,020
Angola,AO,AGO,024
Anguilla,AI,AIA,660
Antarctique,AQ,ATA,010
Antigua-et-Barbuda,AG,ATG,028
Argentine,AR,ARG,032
Arménie,AM,ARM,051
Aruba,AW,ABW,533
Australie,AU,AUS,036
Autriche,AT,AUT,040
Azerbaïdjan,AZ,AZE,031
Bahamas,BS,BHS,044
Bahreïn,BH,BHR,048
Bangladesh,BD,BGD,050
Barbade,BB,BRB,052
Biélorussie,BY,BLR,112
Belgique,BE,BEL,056
Belize,BZ,BLZ 084
Bénin,BJ,BEN,204
Bermudes,BM,BMU,060
Bhoutan,BT,BTN,064
Bolivie,BO,BOL,068
Bosnie-Herzégovine,BA,BIH,070
Botswana,BW,BWA 072
L'île Bouvet,BV,BVT,074
Brésil,BR,BRA,076
British Virgin Islands,VG,VGB,092
Territoire britannique de l'océan Indien,IO,IOT,086
Brunei Darussalam,BN,BRN,096
Bulgarie,BG,BGR,100
Burkina Faso,BF,BFA,854
Burundi,BI,BDI,108
Cambodge,KH,KHM,116
Cameroun,CM,CMR,120
Canada,CA,CAN,124
Cap-Vert,CV,CPV,132
Iles Cayman,KY,CYM,136
République centrafricaine,CF,CAF,140
Tchad,TD,TCD,148
Chili,CL,CHL,152
Chine,CN,CHN,156
Hong Kong Région administrative spéciale de la Chine,HK,HKG,344
Macao région administrative spéciale de la Chine,MO,MAC,446
Christmas Island,CX,CXR,162
Îles Cocos (Keeling),CC,CCK,166
Colombie,CO,COL,170
Comores,KM,COM,174
Congo (Brazzaville),CG,COG,178
Congo République démocratique du,CD,COD,180
Îles Cook,CK,COK,184
Costa Rica,CR,CRI,188
Côte d'Ivoire,CI,CIV,384
Croatie,RH,VRC,191
Cuba,CU,CUB,192
Chypre,CY,CYP,196
République tchèque,CZ,CZE,203
Danemark,DK,DNK,208
Djibouti,DJ,DJI,262
Dominique,DM,DMA,212
République dominicaine,DO,DOM,214
Equateur,CE,ECU,218
Egypte,EG,EGY,818
El Salvador,SV,SLV,222
Guinée équatoriale,GQ,GNQ,226
Érythrée,ER,ERI,232
Estonie,EE,HNE,233
Éthiopie,ET,ETH,231
Îles Falkland (Malvinas),FK,FLK,238
Îles Féroé,FO,BOF,234
Fidji,FJ,FJI,242
Finlande,FI,FIN,246
France,FR,FRA,250
Guyane française,GF,FSI,254
Polynésie française,PF,PYF,258
Terres australes françaises,TF,ATF,260
Gabon,Géorgie,GAB,266
Gambie,GM,GMB,270
Géorgie,GE,GEO,268
Allemagne,DE,DEU,276
Ghana,GH,GHA,288
Gibraltar,GI,GIB,292
Grèce,GR,GRC,300
Groenland,GL,GRL,304
Grenade,GD,GRD,308
Guadeloupe,GP,GLP,312
Guam,GU,GUM,316
Guatemala,GT,GTM,320
Guernesey,GG,GGY,831
Guinée,GN,GIN,324
Guinée-Bissau,GW,GNB,624
Guyane,GY,GUY,328
Haïti,HT,HTI,332
Entendu l'île et des îles McDonald,HM,HMD,334
Saint-Siège (Cité du Vatican),VA,TVA,336
Honduras,HN,HND,340
Hongrie,HU,HUN,348
Islande,IS,ISL,352
Inde,IN,IND,356
Indonésie,ID,IDN,360
Iran République islamique d',IR,IRN,364
Irak,IQ,IRQ,368
Irlande,IE,IRL,372
Ile de Man,IM,IMN,833
Israël,IL,ISR,376
Italie,IT,ITA,380
Jamaïque,JM,JAM,388
Japon,JP,JPN,392
Jersey,JE,JEY,832
Jordanie,JO,JOR,400
Kazakhstan,KZ,KAZ,398
Kenya,KE,KEN,404
Kiribati,KI,KIR,296
Corée République populaire démocratique de,KP,PRK,408
Corée République de,KR,KOR,410
Koweït,KW,KWT,414
Kirghizistan,KG,KGZ,417
République démocratique populaire lao,LA,AJO,418
Lettonie,LV,LVA,428
Liban,LB,LBN,422
Lesotho,LS,LSO,426
Libéria,LR,LBR,??430
Libye,LY,LBY,434
Liechtenstein,LI,LIE,438
Lituanie,LT,LTU,440
Luxembourg,LU,LUX,442
Macédoine République de,MK,MKD,807
Madagascar,MG,MDG,450
Malawi,MW,MWI,454
Malaisie,MY,MYS,458
Maldives,MV,MDV,462
Mali,ML,MLI,466
Malte,MT,MLT,470
Iles Marshall,MH,MHL,584
Martinique,MQ,MTQ,474
Mauritanie,MR,MRT,478
Maurice,MU,MUS,480
Mayotte,YT,CEST,175
Mexique,MX,MEX,484
Micronésie États fédérés de,FM,FSM,583
Moldavie,MD,MDA,498
Monaco,MC,AGC,492
Mongolie,MN,MNG,496
Monténégro,ME,MNE,499
Montserrat,MS,MSR,500
Maroc,MA,MAR,504
Mozambique,MZ,MOZ,508
Myanmar,MM,MMR,104
Namibie,NA,NAM,516
Nauru,NR,NRU,520
Népal,NP,NPL,524
Pays-Bas,NL,NLD,528
Antilles néerlandaises,AN,ANT,530
Nouvelle-Calédonie,NC,NCL,540
Nouvelle-Zélande,NZ,NZL,554
Nicaragua,NI,NIC,558
Niger,NE,TNS,562
Nigeria,NG,NGA,566
Niue,NU,NIU,570
L'île de Norfolk,NF,NFK,574
Îles Mariannes du Nord,MP,MNP,580
Norvège,NO,NOR,578
Oman,l'OM,OMN,512
Pakistan,PK,PAK,586
Palau,PW,PLW,585
Territoires palestiniens (occupés),PS,PSE,275
Panama,PA,PAN,591
Papouasie-Nouvelle-Guinée,PG,PNG,598
Paraguay,PY,PRY,600
Pérou,PE,PER,604
Philippines,PH,PHL,608
Pitcairn,PN,PCN,612
Pologne,PL,POL,616
Portugal,PT,PRT,620
Puerto Rico,PR,PRI,630
Qatar,QA,QAT,634
Réunion,RE,REU,638
Roumanie,RO,ROU,642
Fédération de Russie,RU,RUS,643
Rwanda,RW,RWA,646
Saint-Barthélemy,BL,FR,652
Sainte-Hélène,SH,SHN,654
Saint-Kitts-et-Nevis,KN,KNA,659
Sainte-Lucie,LC,LCA,662
Saint-Martin (partie française),MF,CRG,663
Saint-Pierre-et-Miquelon,PM,SPM,666
Saint-Vincent-et-les Grenadines,VC,CDV,670
Samoa,WS,WSM,882
Saint-Marin,SM,SMR,674
Sao Tomé-et-Principe,ST,STP,678
Arabie Saoudite,SA,SAU,682
Sénégal,SN,SEN,686
Serbie,RS,SRB,688
Seychelles,SC,la CJS,690
Sierra Leone,SL,SLE,694
Singapour,SG,SGP,702
Slovaquie,SK,SVK,703
Slovénie,SI,SVN,705
Îles Salomon,SB,SLB,090
Somalie,SO,SOM,706
Afrique du Sud,ZA,ZAF,710
Géorgie du Sud et les îles Sandwich du Sud,GS,GV,239
Sud-Soudan,SS,SSD,728
Espagne,ES,ESP,724
Sri Lanka,LK,LKA,144
Soudan,SD,SDN,736
Suriname *,SR,SUR,740
Svalbard et Jan Mayen,SJ,SJM,744
Swaziland,SZ,SWZ,748
Suède,SE,SWE,752
Suisse,CH,CHE,756
République arabe syrienne (Syrie),SY,SYR,760
Taiwan,République de Chine,TW,TWN,158
Tadjikistan,TJ,TJK,762
Tanzanie *,République-Unie de,TZ,TZA,834
Thaïlande,TH,THA,764
Timor-Leste,TL,TLS,626
Togo,TG,TGO,768
Tokelau,les savoirs traditionnels,TKL,772
Tonga,TO,TON,776
Trinité-et-Tobago,TT,TTO,780
Tunisie,TN,TUN,788
Turquie,TR,TUR,792
Turkménistan,TM,TKM,795
Îles Turques et Caïques,TC,TCA,796
Tuvalu,TV,TUV,798
Ouganda,UG,UGA,800
Ukraine,UA,UKR,804
Émirats arabes unis,AE,ARE,784
Royaume-Uni,GB,GBR,826
États-Unis d'Amérique,Etats-Unis,Etats-Unis,840
États-Unis Îles mineures éloignées,UM,UMI,581
Uruguay,UY,URY,858
Ouzbékistan,UZ,UZB,860
Vanuatu,VU,VUT,548
Venezuela (République bolivarienne du),VE,VEN,862
Viet Nam,VN,VNM,704
Îles Vierges américaines,VI,VIR,850
Wallis-et-Futuna,WF,WLF,876
Sahara occidental,EH,ESH,732
Yémen,YE,YEM,887
Zambie,ZM,ZMB,894
Zimbabwe,ZW,ZWE,716